nume,valoare
Ultimul Support,2115.5
Comunistul Woman,1945
Orasul Size,1799.5
Misiunea Authority,1782
Povestea Little,1719.5
Secretul Around,1592.5
Secretul Artist,1560
Orasul Political,1390
Povestea Raise,1365
Orasul Ball,1319.5
Secretul Seat,1295
Secretul Force,1291.5
Povestea Peace,1274
Comunistul Financial,1274
Secretul Let,1262.5
Misiunea Bring,1215.5
Intoarcerea Human,1200
Povestea Third,1200
Comunistul Make,1183
Intoarcerea Test,1152
Povestea Act,1137.5
Povestea Role,1137.5
Ultimul Close,1137.5
Comunistul Remember,1105
Comunistul Treat,1093.5
Ultimul Benefit,1090
Comunistul Call,1050
Comunistul Each,1046.5
Ultimul Among,1001
Misiunea Total,1001
Ultimul Base,990
Misiunea Skill,990
Misiunea Church,960
Secretul So,955.5
Ultimul Play,955.5
Misiunea Realize,950
Secretul Learn,950
Ultimul Anything,930
Orasul Point,910
Povestea If,903
Secretul Foreign,864.5
Intoarcerea Really,864.5
Povestea Leg,850
Comunistul Myself,840
Orasul Evening,819
Ultimul One,819
Ultimul Toward,819
Misiunea Human,819
Secretul Range,819
Orasul Trip,800
Ultimul Available,797
Ultimul Star,790
Intoarcerea Suggest,780
Comunistul Site,775
Secretul Hotel,773.5
Secretul Political,773.5
Comunistul Modern,770
Povestea Early,760
Misiunea Usually,750
Povestea Name,725
Misiunea Similar,720
Orasul Should,720
Comunistul Church,720
Intoarcerea So,705
Ultimul Gun,700
Ultimul Black,690
Povestea Become,690
Comunistul Old,675
Ultimul Choose,675
Povestea Relationship,675
Intoarcerea Whom,660
Intoarcerea Might,660
Comunistul Country,650
Secretul There,650
Orasul Total,640
Ultimul Film,640
Ultimul Should,637
Orasul Strong,637
Misiunea Feel,637
Ultimul Sometimes,625
Povestea Character,600
Povestea Whole,600
Intoarcerea Always,591.5
Orasul Fight,580
Comunistul Challenge,575
Povestea Piece,570
Orasul Rate,550
Misiunea Town,550
Comunistul Hospital,546
Povestea Could,546
Orasul Onto,540
Povestea Have,540
Orasul Under,540
Povestea Senior,525
Orasul Create,520
Intoarcerea Happy,510
Secretul Yet,510
Povestea Camera,510
Comunistul Land,500
Comunistul Down,480
Misiunea Senior,460
Orasul Drug,455
Comunistul Military,455
Comunistul Process,450
Orasul Hot,450
Comunistul Treatment,450
Intoarcerea Dog,440
Comunistul Economy,425
Ultimul Receive,425
Misiunea Forward,425
Secretul View,420
Ultimul Range,420
Orasul Respond,400
Intoarcerea Imagine,400
Orasul No,400
Orasul Attorney,400
Misiunea Drop,400
Intoarcerea Government,390
Orasul Executive,390
Ultimul Congress,390
Povestea Speech,390
Ultimul Federal,380
Secretul Stop,380
Ultimul End,380
Comunistul Anything,375
Comunistul Entire,375
Comunistul Level,375
Orasul Chair,364
Comunistul Including,364
Povestea Name,360
Misiunea Amount,360
Povestea Professor,360
Secretul Which,360
Orasul Note,360
Ultimul Positive,360
Misiunea Budget,350
Intoarcerea Season,350
Misiunea Choice,340
Misiunea Claim,330
Ultimul Congress,325
Orasul Back,320
Ultimul Fund,320
Povestea Condition,320
Secretul Value,320
Povestea Stage,320
Comunistul Plan,300
Povestea Star,280
Comunistul Opportunity,275
Comunistul Republican,275
Secretul Always,275
Orasul Information,270
Intoarcerea Behavior,250
Comunistul Green,240
Secretul Yes,240
Comunistul Already,240
Orasul Poor,220
Secretul Senior,200
Intoarcerea Discussion,200
Secretul Yet,180
Comunistul Wear,180
Ultimul Short,175
Misiunea Only,175
Orasul Officer,150
Misiunea Girl,140
Orasul Teach,125
Misiunea Group,125
Povestea Name,0
Ultimul Strong,0
Povestea Have,0
Comunistul Inside,0
Orasul Political,0
Comunistul Fire,0
Comunistul Artist,0
Ultimul Beyond,0
Comunistul Economy,0
Povestea Factor,0
Ultimul Station,0
Ultimul Available,0
Povestea Quality,0
Secretul Other,0
Comunistul Already,0
Ultimul Among,0
Orasul Traditional,0
Secretul Interest,0
Misiunea Quality,0
Povestea Until,0
Secretul Accept,0
Misiunea Group,0
Intoarcerea Half,0
Misiunea Similar,0
Secretul Of,0
Comunistul Woman,0
Misiunea Threat,0
Secretul Personal,0
Comunistul Bad,0
Comunistul Culture,0
Intoarcerea Field,0
Comunistul Option,0
Povestea Then,0
Orasul Lay,0
Orasul Thought,0
Comunistul Challenge,0
Misiunea Scene,0
Povestea Professor,0
Secretul Argue,0
Povestea Customer,0
Povestea Better,0
Intoarcerea Position,0
Orasul Test,0
Comunistul Wear,0
Ultimul Son,0
Comunistul Else,0
Misiunea East,0
Orasul Civil,0
Orasul Lead,0
Comunistul Make,0
Intoarcerea Test,0
Ultimul Finally,0
Ultimul High,0
Ultimul Phone,0
Povestea Dinner,0
Comunistul Myself,0
Orasul Should,0
Secretul Street,0
Orasul Evening,0
Ultimul Congress,0
Ultimul Gun,0
Intoarcerea Suggest,0
Intoarcerea Us,0
Comunistul Cut,0
Comunistul Painting,0
Intoarcerea Summer,0
Secretul System,0
Intoarcerea Seat,0
Intoarcerea Opportunity,0
Ultimul Choose,0
Ultimul Black,0
Ultimul Short,0
Misiunea View,0
Orasul Back,0
Orasul Star,0
Comunistul Anything,0
Intoarcerea Provide,0
Intoarcerea Produce,0
Povestea Recently,0
Comunistul But,0
Ultimul Beyond,0
Ultimul Benefit,0
Ultimul Listen,0
Misiunea Hope,0
Povestea Goal,0
Povestea Quality,0
Ultimul Rule,0
Ultimul Of,0
Orasul Administration,0
Secretul Interest,0
Povestea May,0
Misiunea Discussion,0
Comunistul Address,0
Intoarcerea Half,0
Orasul When,0
Misiunea Travel,0
Secretul Rather,0
Misiunea Authority,0
Comunistul Financial,0
Orasul Book,0
Ultimul Strong,0
Comunistul Option,0
Comunistul Run,0
Comunistul Inside,0
Orasul Information,0
Comunistul Fire,0
Misiunea Scene,0
Orasul Girl,0
Povestea Bill,0
Ultimul Station,0
Intoarcerea Position,0
Intoarcerea Door,0
Secretul Other,0
Povestea Structure,0
Misiunea East,0
Secretul Around,0
Misiunea Quality,0
Secretul Detail,0
Secretul Accept,0
Ultimul Should,0
Povestea If,0
Ultimul Phone,0
Secretul View,0
Povestea Condition,0
Secretul Personal,0
Povestea Little,0
Comunistul Culture,0
Orasul Teach,0
Misiunea Pm,0
Povestea Then,0
Intoarcerea Us,0
Orasul Thought,0
Intoarcerea Summer,0
Ultimul Base,0
Povestea Professor,0
Povestea Act,0
Povestea Customer,0
Ultimul Star,0
Povestea Third,0
Orasul Test,0
Misiunea View,0
Ultimul Son,0
Comunistul Treat,0
Misiunea Town,0
Orasul Civil,0
Intoarcerea Produce,0
Comunistul But,0
Orasul Source,0
Ultimul Finally,0
Ultimul Listen,0
Povestea Dinner,0
Povestea Goal,0
Ultimul Receive,0
Orasul Should,0
Comunistul Old,0
Orasul Administration,0
Misiunea Play,0
Misiunea Discussion,0
Comunistul Cut,0
Comunistul Modern,0
Ultimul Hotel,0
Secretul System,0
Misiunea Travel,0
Intoarcerea Opportunity,0
Comunistul Green,0
Povestea Piece,0
Ultimul One,0
Misiunea Budget,0
Comunistul Level,0
Povestea Guy,0
Povestea Apply,0
Misiunea Amount,0
Povestea Drop,0
Intoarcerea Government,0
Povestea To,0
Comunistul Finally,0
Secretul Generation,0
Ultimul Cold,0
Orasul Response,0
Comunistul Remember,0
Misiunea Big,0
Misiunea Everything,0
Intoarcerea Table,0
Povestea Become,0
Povestea Relationship,0
Comunistul Business,0
Ultimul Single,0
Ultimul Bring,0
Orasul Answer,0
Ultimul Thing,0
Intoarcerea However,0
Povestea Detail,0
Orasul Effort,0
Ultimul Toward,0
Misiunea Skill,0
Intoarcerea Responsibility,0
Secretul Seat,0
Intoarcerea Machine,0
Comunistul Modern,0
Misiunea Yes,0
Intoarcerea Above,0
Orasul So,0
Misiunea Soldier,0
Misiunea Let,0
Povestea Give,0
Povestea Book,0
Orasul Democrat,0
Ultimul Represent,0
Intoarcerea More,0
Secretul Hot,0
Comunistul Others,0
Povestea Peace,0
Secretul Artist,0
Misiunea Likely,0
Secretul Stop,0
Secretul Bill,0
Ultimul Sometimes,0
Intoarcerea Boy,0
Intoarcerea Happy,0
Intoarcerea Bill,0
Povestea Sister,0
Secretul Professor,0
Misiunea Own,0
Ultimul Artist,0
Secretul Yet,0
Orasul Another,0
Intoarcerea Activity,0
Intoarcerea Throughout,0
Intoarcerea Pretty,0
Comunistul Call,0
Intoarcerea Behavior,0
Povestea Save,0
Intoarcerea Start,0
Comunistul Republican,0
Intoarcerea Their,0
Orasul Rate,0
Ultimul Congress,0
Ultimul Above,0
Comunistul Conference,0
Misiunea His,0
Orasul Option,0
Misiunea Realize,0
Comunistul Including,0
Misiunea Several,0
Orasul Create,0
Misiunea Street,0
Intoarcerea Meeting,0
Misiunea Wish,0
Intoarcerea Human,0
Secretul Whose,0
Intoarcerea Imagine,0
Misiunea Above,0
Comunistul Entire,0
Orasul Thank,0
Povestea Star,0
Intoarcerea Benefit,0
Orasul Drug,0
Povestea And,0
Secretul Clear,0
Comunistul Partner,0
Comunistul Business,0
Orasul Ball,0
Orasul Day,0
Comunistul Mouth,0
Intoarcerea However,0
Misiunea Without,0
Povestea Or,0
Intoarcerea Responsibility,0
Comunistul Little,0
Povestea Guy,0
Intoarcerea Sign,0
Intoarcerea Above,0
Secretul Keep,0
Orasul Total,0
Comunistul Finally,0
Povestea Book,0
Intoarcerea Talk,0
Ultimul Cold,0
Secretul Great,0
Comunistul Others,0
Secretul Full,0
Misiunea Everything,0
Povestea Quite,0
Secretul Bill,0
Orasul Various,0
Ultimul Single,0
Intoarcerea Dog,0
Orasul Answer,0
Povestea Sister,0
Comunistul Hospital,0
Povestea Detail,0
Ultimul Federal,0
Orasul Another,0
Orasul Eye,0
Intoarcerea Pretty,0
Comunistul Modern,0
Povestea Save,0
Orasul Respond,0
Orasul So,0
Intoarcerea Their,0
Misiunea Let,0
Ultimul Above,0
Ultimul Necessary,0
Orasul Democrat,0
Orasul Option,0
Intoarcerea More,0
Misiunea Several,0
Comunistul Kid,0
Intoarcerea Meeting,0
Misiunea Likely,0
Comunistul Military,0
Orasul Leader,0
Intoarcerea Whom,0
Misiunea Above,0
Comunistul Civil,0
Secretul Professor,0
Secretul Foreign,0
Ultimul Artist,0
Intoarcerea Benefit,0
Intoarcerea Prevent,0
Intoarcerea Activity,0
Secretul Clear,0
Comunistul Down,0
Povestea He,0
Intoarcerea Start,0
Intoarcerea Really,0
Comunistul Mouth,0
Povestea Necessary,0
Comunistul Conference,0
Misiunea Respond,0
Misiunea Above,0
Secretul Force,0
Povestea Job,0
Orasul Note,0
Secretul Call,0
Intoarcerea Into,0
Intoarcerea Rest,0
Comunistul House,0
Misiunea Money,0
Intoarcerea Build,0
Intoarcerea Watch,0
Ultimul Miss,0
Secretul Use,0
Ultimul Authority,0
Ultimul Position,0
Orasul Hot,0
Intoarcerea None,0
Orasul Anything,0
Comunistul Music,0
Orasul Chair,0
Povestea Population,0
Orasul American,0
Misiunea Week,0
Misiunea Civil,0
Ultimul Book,0
Secretul Next,0
Povestea Character,0
Misiunea Affect,0
Povestea Up,0
Comunistul Car,0
Orasul Poor,0
Povestea Inside,0
Comunistul Term,0
Ultimul There,0
Misiunea Nothing,0
Comunistul Quickly,0
Secretul Continue,0
Secretul Design,0
Intoarcerea Smile,0
Misiunea Road,0
Intoarcerea Too,0
Intoarcerea Always,0
Intoarcerea Former,0
Misiunea Human,0
Secretul Always,0
Misiunea Take,0
Intoarcerea Might,0
Misiunea Mother,0
Povestea Easy,0
Comunistul Protect,0
Ultimul While,0
Secretul Political,0
Secretul Learn,0
Ultimul Shake,0
Ultimul Agency,0
Intoarcerea Should,0
Ultimul Film,0
Secretul Do,0
Orasul Community,0
Secretul Value,0
Ultimul Support,0
Misiunea Usually,0
Povestea Discover,0
Secretul Senior,0
Secretul Identify,0
Comunistul Toward,0
Orasul Above,0
Secretul Range,0
Ultimul With,0
Orasul Open,0
Misiunea Describe,0
Secretul Week,0
Misiunea Respond,0
Ultimul Republican,0
Intoarcerea Game,0
Povestea Role,0
Povestea Nearly,0
Povestea Early,0
Misiunea Bring,0
Comunistul Card,0
Secretul Important,0
Intoarcerea So,0
Povestea Difficult,0
Intoarcerea Watch,0
Povestea Someone,0
Secretul Music,0
Secretul Fast,0
Misiunea Girl,0
Secretul Lead,0
Secretul So,0
Ultimul Anything,0
Comunistul Thank,0
Secretul Hotel,0
Misiunea Hear,0
Misiunea Nearly,0
Comunistul That,0
Comunistul Star,0
Misiunea Civil,0
Comunistul Research,0
Intoarcerea Feel,0
Misiunea Above,0
Orasul Executive,0
Misiunea Quite,0
Povestea Job,0
Comunistul Each,0
Secretul Call,0
Comunistul Term,0
Comunistul Plan,0
Intoarcerea Rest,0
Misiunea Forward,0
Misiunea Money,0
Secretul Design,0
Misiunea Him,0
Ultimul Miss,0
Misiunea Whatever,0
Ultimul Authority,0
Intoarcerea Former,0
Orasul Agree,0
Comunistul Language,0
Orasul Anything,0
Misiunea Mother,0
Comunistul Thank,0
Lupin,0
Orasul American,0
Comunistul Process,0
Secretul Certainly,0
Ultimul Book,0
Ultimul Agency,0
Secretul Do,0
Povestea Raise,0
Povestea Up,0
Orasul Should,0
Povestea Discover,0
Ultimul Four,0
Ultimul There,0
Comunistul Toward,0
Comunistul Quickly,0
Ultimul With,0
Povestea Police,0
Intoarcerea Smile,0
Secretul Week,0
Intoarcerea Too,0
Intoarcerea Game,0
Comunistul Big,0
Ultimul Fund,0
Misiunea Take,0
Orasul Onto,0
Orasul Under,0
Povestea Easy,0
Secretul Important,0
Ultimul While,0
Povestea Difficult,0
Ultimul Hundred,0
Secretul So,0
Intoarcerea Should,0
Secretul Fast,0
Secretul Investment,0
Orasul Community,0
Secretul So,0
Comunistul Thank,0
Misiunea Choice,0
Misiunea Nearly,0
Orasul Above,0
Comunistul Star,0
Misiunea Claim,0
Orasul Open,0
Orasul Officer,0
Orasul I,0
Intoarcerea Pull,0
Ultimul Pattern,0
Povestea Future,0
Secretul Parent,0
Orasul Through,0
Misiunea Relate,0
Secretul Network,0
Misiunea Personal,0
Misiunea Sit,0
Orasul Letter,0
Misiunea Mind,0
Ultimul Close,0
Orasul No,0
Misiunea Structure,0
Intoarcerea Less,0
Intoarcerea Knowledge,0
Ultimul Leg,0
Orasul Point,0
Orasul Source,0
Intoarcerea Them,0
Povestea Professor,0
Comunistul Various,0
Secretul Yes,0
Intoarcerea Discussion,0
Secretul Yet,0
Secretul Difficult,0
Ultimul Good,0
Comunistul Land,0
Misiunea Again,0
Comunistul Already,0
Povestea Stage,0
Secretul Push,0
Misiunea Only,0
Misiunea Practice,0
Povestea Senior,0
Secretul People,0
Orasul Head,0
Comunistul Sure,0
Secretul Certainly,0
Orasul Clear,0
Orasul Center,0
Ultimul Condition,0
Comunistul Economy,0
Povestea Could,0
Orasul Pm,0
Comunistul Up,0
Intoarcerea Spend,0
Povestea Camera,0
Ultimul Dog,0
Intoarcerea Move,0
Secretul Knowledge,0
Ultimul End,0
Secretul Hope,0
Ultimul Think,0
Povestea Sort,0
Comunistul Treatment,0
Intoarcerea To,0
Orasul Structure,0
Secretul Police,0
Ultimul Up,0
Orasul Stage,0
Secretul Which,0
Orasul Support,0
Orasul Black,0
Orasul Attorney,0
Orasul Agreement,0
Misiunea Feel,0
Secretul There,0
Orasul Walk,0
Povestea You,0
Misiunea Modern,0
Secretul Technology,0
Ultimul Pattern,0
Secretul Growth,0
Intoarcerea Help,0
Povestea Buy,0
Secretul Network,0
Povestea Simply,0
Povestea Professor,0
Ultimul Chance,0
Ultimul They,0
Povestea Name,0
Misiunea Board,0
Misiunea Boy,0
Misiunea Senior,0
Intoarcerea Knowledge,0
Secretul Operation,0
Orasul First,0
Intoarcerea Drop,0
Misiunea Reveal,0
Comunistul Opportunity,0
Intoarcerea Staff,0
Orasul Change,0
Ultimul Television,0
Intoarcerea Stage,0
Intoarcerea Season,0
Orasul Size,0
Comunistul List,0
Povestea Box,0
Orasul I,0
Misiunea Again,0
Povestea Debate,0
Povestea Future,0
Povestea Speech,0
Orasul Through,0
Misiunea Practice,0
Misiunea Drop,0
Misiunea Personal,0
Orasul Lawyer,0
Orasul Letter,0
Orasul Trip,0
Orasul Look,0
Secretul Once,0
Misiunea Structure,0
Comunistul Church,0
Ultimul Fall,0
Ultimul Leg,0
Orasul Participant,0
Orasul Source,0
Orasul Strong,0
Secretul Garden,0
Ultimul Positive,0
Orasul Fight,0
Comunistul Site,0
Secretul Hope,0
Ultimul Good,0
Misiunea Total,0
Comunistul Should,0
Orasul Structure,0
Secretul Push,0
Orasul Stage,0
Ultimul Range,0
Misiunea Church,0
Orasul Head,0
Orasul Agreement,0
Orasul Level,0
Secretul Certainly,0
Orasul Walk,0
Orasul Center,0
Secretul Technology,0
Povestea Note,0
Comunistul Economy,0
Secretul Let,0
Orasul Pm,0
Povestea Buy,0
Orasul A,0
Intoarcerea Spend,0
Povestea Professor,0
Ultimul Dog,0
Ultimul They,0
Comunistul Relate,0
Secretul Knowledge,0
Misiunea Boy,0
Ultimul Think,0
Comunistul Country,0
Ultimul Play,0
Orasul First,0
Secretul Police,0
Misiunea Reveal,0
Orasul Exist,0
Orasul Change,0
Orasul Black,0
Intoarcerea Stage,0
Povestea Whole,0
Comunistul List,0
Povestea You,0
Intoarcerea Test,0
Ultimul Should,0
Ultimul High,0
Ultimul Phone,0
Comunistul Myself,0
Secretul View,0
Secretul Street,0
Povestea Little,0
Ultimul Congress,0
Orasul Teach,0
Misiunea Pm,0
Intoarcerea Suggest,0
Intoarcerea Us,0
Comunistul Painting,0
Intoarcerea Summer,0
Intoarcerea Seat,0
Povestea Act,0
Ultimul Choose,0
Ultimul Star,0
Ultimul Short,0
Misiunea View,0
Orasul Star,0
Comunistul Treat,0
Intoarcerea Provide,0
Intoarcerea Produce,0
Povestea Recently,0
Comunistul But,0
Orasul Source,0
Ultimul Benefit,0
Ultimul Listen,0
Misiunea Hope,0
Povestea Goal,0
Ultimul Rule,0
Comunistul Old,0
Ultimul Of,0
Orasul Administration,0
Misiunea Play,0
Povestea May,0
Misiunea Discussion,0
Comunistul Address,0
Comunistul Modern,0
Ultimul Hotel,0
Orasul When,0
Misiunea Travel,0
Secretul Rather,0
Comunistul Green,0
Comunistul Financial,0
Povestea Name,0
Orasul Book,0
Ultimul Strong,0
Comunistul Run,0
Comunistul Inside,0
Orasul Information,0
Comunistul Fire,0
Comunistul Artist,0
Orasul Girl,0
Comunistul Economy,0
Povestea Factor,0
Povestea Bill,0
Ultimul Station,0
Intoarcerea Door,0
Secretul Other,0
Comunistul Already,0
Povestea Structure,0
Ultimul Among,0
Orasul Traditional,0
Secretul Around,0
Misiunea Quality,0
Povestea Until,0
Secretul Detail,0
Secretul Accept,0
Povestea If,0
Misiunea Similar,0
Secretul Of,0
Comunistul Woman,0
Misiunea Threat,0
Povestea Condition,0
Secretul Personal,0
Comunistul Bad,0
Comunistul Culture,0
Intoarcerea Field,0
Misiunea Pm,0
Povestea Then,0
Orasul Lay,0
Orasul Thought,0
Ultimul Base,0
Povestea Professor,0
Secretul Argue,0
Povestea Customer,0
Povestea Better,0
Povestea Third,0
Orasul Test,0
Ultimul Son,0
Comunistul Else,0
Misiunea Town,0
Orasul Civil,0
Orasul Lead,0
Comunistul Make,0
Orasul Source,0
Ultimul Finally,0
Ultimul High,0
Povestea Dinner,0
Ultimul Receive,0
Orasul Should,0
Secretul Street,0
Orasul Evening,0
Misiunea Play,0
Ultimul Gun,0
Comunistul Cut,0
Comunistul Painting,0
Ultimul Hotel,0
Secretul System,0
Intoarcerea Seat,0
Intoarcerea Opportunity,0
Povestea Piece,0
Ultimul Black,0
Orasul Back,0
Orasul Star,0
Povestea Have,0
Comunistul Anything,0
Intoarcerea Provide,0
Orasul Political,0
Povestea Recently,0
Comunistul Artist,0
Ultimul Beyond,0
Povestea Factor,0
Misiunea Hope,0
Ultimul Available,0
Povestea Quality,0
Ultimul Rule,0
Comunistul Already,0
Ultimul Of,0
Orasul Traditional,0
Secretul Interest,0
Povestea May,0
Povestea Until,0
Comunistul Address,0
Misiunea Group,0
Intoarcerea Half,0
Orasul When,0
Secretul Of,0
Secretul Rather,0
Misiunea Threat,0
Misiunea Authority,0
Comunistul Bad,0
Orasul Book,0
Intoarcerea Field,0
Comunistul Option,0
Comunistul Run,0
Orasul Lay,0
Comunistul Challenge,0
Misiunea Scene,0
Orasul Girl,0
Secretul Argue,0
Povestea Bill,0
Povestea Better,0
Intoarcerea Position,0
Intoarcerea Door,0
Comunistul Wear,0
Povestea Structure,0
Comunistul Else,0
Misiunea East,0
Orasul Lead,0
Secretul Detail,0
Secretul Bill,0
Orasul Various,0
Intoarcerea Boy,0
Intoarcerea Dog,0
Intoarcerea Bill,0
Povestea Sister,0
Misiunea Own,0
Ultimul Federal,0
Secretul Yet,0
Orasul Another,0
Orasul Eye,0
Intoarcerea Throughout,0
Intoarcerea Pretty,0
Intoarcerea Behavior,0
Povestea Save,0
Comunistul Republican,0
Intoarcerea Their,0
Ultimul Congress,0
Ultimul Above,0
Ultimul Necessary,0
Misiunea His,0
Orasul Option,0
Comunistul Including,0
Misiunea Several,0
Comunistul Kid,0
Misiunea Street,0
Intoarcerea Meeting,0
Misiunea Wish,0
Comunistul Military,0
Orasul Leader,0
Secretul Whose,0
Intoarcerea Whom,0
Intoarcerea Imagine,0
Misiunea Above,0
Comunistul Civil,0
Orasul Thank,0
Secretul Foreign,0
Povestea Star,0
Intoarcerea Benefit,0
Intoarcerea Prevent,0
Povestea And,0
Secretul Clear,0
Comunistul Partner,0
Comunistul Down,0
Povestea He,0
Orasul Ball,0
Intoarcerea Really,0
Orasul Day,0
Comunistul Mouth,0
Povestea Necessary,0
Misiunea Without,0
Ultimul One,0
Povestea Or,0
Misiunea Budget,0
Comunistul Little,0
Povestea Guy,0
Povestea Apply,0
Intoarcerea Sign,0
Misiunea Amount,0
Povestea Drop,0
Secretul Keep,0
Intoarcerea Government,0
Povestea To,0
Orasul Total,0
Comunistul Finally,0
Secretul Generation,0
Intoarcerea Talk,0
Ultimul Cold,0
Orasul Response,0
Secretul Great,0
Comunistul Remember,0
Misiunea Big,0
Secretul Full,0
Misiunea Everything,0
Intoarcerea Table,0
Povestea Quite,0
Povestea Become,0
Orasul Various,0
Ultimul Single,0
Ultimul Bring,0
Orasul Answer,0
Ultimul Thing,0
Comunistul Hospital,0
Povestea Detail,0
Orasul Effort,0
Ultimul Toward,0
Orasul Eye,0
Secretul Seat,0
Intoarcerea Machine,0
Comunistul Modern,0
Misiunea Yes,0
Orasul Respond,0
Orasul So,0
Misiunea Soldier,0
Misiunea Let,0
Povestea Give,0
Ultimul Necessary,0
Orasul Democrat,0
Ultimul Represent,0
Intoarcerea More,0
Secretul Hot,0
Comunistul Kid,0
Povestea Peace,0
Misiunea Likely,0
Orasul Leader,0
Ultimul Sometimes,0
Intoarcerea Boy,0
Intoarcerea Happy,0
Intoarcerea Bill,0
Comunistul Civil,0
Secretul Professor,0
Misiunea Own,0
Ultimul Artist,0
Intoarcerea Prevent,0
Intoarcerea Activity,0
Intoarcerea Throughout,0
Comunistul Call,0
Povestea He,0
Intoarcerea Start,0
Orasul Rate,0
Povestea Necessary,0
Comunistul Conference,0
Misiunea His,0
Misiunea Realize,0
Comunistul Level,0
Orasul Create,0
Misiunea Street,0
Povestea Apply,0
Misiunea Wish,0
Povestea Drop,0
Intoarcerea Human,0
Secretul Whose,0
Povestea To,0
Secretul Generation,0
Comunistul Entire,0
Orasul Thank,0
Orasul Response,0
Misiunea Big,0
Orasul Drug,0
Povestea And,0
Intoarcerea Table,0
Comunistul Partner,0
Povestea Relationship,0
Comunistul Business,0
Ultimul Bring,0
Orasul Day,0
Ultimul Thing,0
Intoarcerea However,0
Misiunea Without,0
Orasul Effort,0
Povestea Or,0
Misiunea Skill,0
Intoarcerea Responsibility,0
Comunistul Little,0
Intoarcerea Machine,0
Intoarcerea Sign,0
Misiunea Yes,0
Intoarcerea Above,0
Secretul Keep,0
Misiunea Soldier,0
Povestea Give,0
Povestea Book,0
Intoarcerea Talk,0
Ultimul Represent,0
Secretul Great,0
Secretul Hot,0
Comunistul Others,0
Secretul Full,0
Secretul Artist,0
Povestea Quite,0
Secretul Stop,0
Comunistul Thank,0
Comunistul Protect,0
Povestea Leg,0
Secretul Political,0
Comunistul Process,0
Secretul Certainly,0
Ultimul Shake,0
Ultimul Agency,0
Ultimul Film,0
Secretul Do,0
Secretul Value,0
Orasul Should,0
Misiunea Usually,0
Povestea Discover,0
Ultimul Four,0
Secretul Identify,0
Comunistul Toward,0
Secretul Range,0
Ultimul With,0
Povestea Police,0
Misiunea Describe,0
Secretul Week,0
Ultimul Republican,0
Intoarcerea Game,0
Comunistul Big,0
Povestea Nearly,0
Ultimul Fund,0
Povestea Early,0
Orasul Onto,0
Comunistul Card,0
Secretul Important,0
Intoarcerea So,0
Povestea Difficult,0
Ultimul Hundred,0
Povestea Someone,0
Secretul So,0
Secretul Music,0
Secretul Fast,0
Secretul Investment,0
Secretul Lead,0
Secretul So,0
Ultimul Anything,0
Comunistul Thank,0
Misiunea Hear,0
Misiunea Nearly,0
Comunistul That,0
Comunistul Star,0
Comunistul Research,0
Orasul Officer,0
Intoarcerea Feel,0
Misiunea Above,0
Misiunea Quite,0
Povestea Job,0
Comunistul Each,0
Secretul Call,0
Intoarcerea Into,0
Comunistul Plan,0
Intoarcerea Rest,0
Comunistul House,0
Misiunea Forward,0
Misiunea Money,0
Intoarcerea Build,0
Misiunea Him,0
Ultimul Miss,0
Secretul Use,0
Misiunea Whatever,0
Ultimul Authority,0
Ultimul Position,0
Orasul Agree,0
Orasul Hot,0
Intoarcerea None,0
Comunistul Language,0
Orasul Anything,0
Comunistul Music,0
Comunistul Thank,0
Orasul Chair,0
Povestea Population,0
Orasul American,0
Misiunea Week,0
Secretul Certainly,0
Ultimul Book,0
Secretul Next,0
Povestea Character,0
Misiunea Affect,0
Povestea Raise,0
Povestea Up,0
Comunistul Car,0
Orasul Poor,0
Povestea Inside,0
Ultimul Four,0
Ultimul There,0
Misiunea Nothing,0
Comunistul Quickly,0
Secretul Continue,0
Povestea Police,0
Intoarcerea Smile,0
Misiunea Road,0
Intoarcerea Too,0
Comunistul Big,0
Misiunea Human,0
Misiunea Take,0
Orasul Under,0
Povestea Easy,0
Comunistul Protect,0
Ultimul While,0
Ultimul Hundred,0
Secretul Learn,0
Ultimul Shake,0
Intoarcerea Should,0
Secretul Investment,0
Orasul Community,0
Ultimul Support,0
Misiunea Choice,0
Secretul Senior,0
Secretul Identify,0
Orasul Above,0
Misiunea Claim,0
Orasul Open,0
Misiunea Describe,0
Misiunea Respond,0
Ultimul Republican,0
Secretul Force,0
Povestea Role,0
Povestea Nearly,0
Orasul Note,0
Intoarcerea Into,0
Misiunea Bring,0
Comunistul Card,0
Comunistul House,0
Intoarcerea Build,0
Intoarcerea Watch,0
Povestea Someone,0
Secretul Use,0
Secretul Music,0
Ultimul Position,0
Misiunea Girl,0
Secretul Lead,0
Intoarcerea None,0
Comunistul Music,0
Secretul Hotel,0
Misiunea Hear,0
Povestea Population,0
Comunistul That,0
Misiunea Week,0
Misiunea Civil,0
Comunistul Research,0
Secretul Next,0
Intoarcerea Feel,0
Misiunea Affect,0
Orasul Executive,0
Misiunea Quite,0
Comunistul Car,0
Povestea Inside,0
Comunistul Term,0
Misiunea Nothing,0
Secretul Continue,0
Secretul Design,0
Misiunea Him,0
Misiunea Road,0
Misiunea Whatever,0
Intoarcerea Always,0
Intoarcerea Former,0
Orasul Agree,0
Secretul Always,0
Comunistul Language,0
Intoarcerea Might,0
Misiunea Mother,0
Povestea Camera,0
Intoarcerea Move,0
Orasul Fight,0
Ultimul End,0
Secretul Hope,0
Povestea Sort,0
Misiunea Total,0
Comunistul Should,0
Intoarcerea To,0
Orasul Structure,0
Ultimul Up,0
Orasul Stage,0
Orasul Support,0
Misiunea Church,0
Orasul Attorney,0
Orasul Agreement,0
Orasul Level,0
Secretul There,0
Orasul Walk,0
Misiunea Modern,0
Secretul Technology,0
Povestea Note,0
Secretul Growth,0
Secretul Let,0
Intoarcerea Help,0
Povestea Buy,0
Orasul A,0
Povestea Simply,0
Povestea Professor,0
Ultimul Chance,0
Ultimul They,0
Comunistul Relate,0
Misiunea Board,0
Misiunea Boy,0
Misiunea Senior,0
Comunistul Country,0
Secretul Operation,0
Orasul First,0
Intoarcerea Drop,0
Misiunea Reveal,0
Orasul Exist,0
Intoarcerea Staff,0
Orasul Change,0
Ultimul Television,0
Intoarcerea Stage,0
Orasul Size,0
Comunistul List,0
Povestea Box,0
Orasul I,0
Intoarcerea Pull,0
Povestea Debate,0
Povestea Future,0
Secretul Parent,0
Povestea Speech,0
Orasul Through,0
Misiunea Relate,0
Misiunea Drop,0
Misiunea Personal,0
Misiunea Sit,0
Orasul Lawyer,0
Orasul Letter,0
Misiunea Mind,0
Orasul Look,0
Ultimul Close,0
Secretul Once,0
Misiunea Structure,0
Intoarcerea Less,0
Ultimul Fall,0
Ultimul Leg,0
Orasul Participant,0
Orasul Source,0
Intoarcerea Them,0
Secretul Garden,0
Povestea Professor,0
Comunistul Various,0
Ultimul Positive,0
Secretul Yes,0
Comunistul Site,0
Secretul Yet,0
Secretul Difficult,0
Ultimul Good,0
Comunistul Should,0
Comunistul Already,0
Secretul Push,0
Ultimul Range,0
Povestea Senior,0
Secretul People,0
Orasul Head,0
Comunistul Sure,0
Orasul Level,0
Secretul Certainly,0
Orasul Clear,0
Orasul Center,0
Ultimul Condition,0
Povestea Note,0
Comunistul Economy,0
Orasul Pm,0
Comunistul Up,0
Orasul A,0
Intoarcerea Spend,0
Ultimul Dog,0
Intoarcerea Move,0
Comunistul Relate,0
Secretul Knowledge,0
Ultimul Think,0
Povestea Sort,0
Ultimul Play,0
Comunistul Treatment,0
Intoarcerea To,0
Secretul Police,0
Ultimul Up,0
Orasul Exist,0
Secretul Which,0
Orasul Support,0
Orasul Black,0
Povestea Whole,0
Misiunea Feel,0
Povestea You,0
Misiunea Modern,0
Intoarcerea Pull,0
Ultimul Pattern,0
Secretul Growth,0
Secretul Parent,0
Intoarcerea Help,0
Misiunea Relate,0
Secretul Network,0
Povestea Simply,0
Misiunea Sit,0
Ultimul Chance,0
Misiunea Mind,0
Povestea Name,0
Misiunea Board,0
Orasul No,0
Intoarcerea Less,0
Intoarcerea Knowledge,0
Secretul Operation,0
Orasul Point,0
Intoarcerea Drop,0
Intoarcerea Them,0
Comunistul Opportunity,0
Intoarcerea Staff,0
Comunistul Various,0
Ultimul Television,0
Intoarcerea Discussion,0
Intoarcerea Season,0
Secretul Difficult,0
Povestea Box,0
Comunistul Land,0
Misiunea Again,0
Povestea Debate,0
Povestea Stage,0
Misiunea Only,0
Misiunea Practice,0
Secretul People,0
Orasul Lawyer,0
Comunistul Sure,0
Orasul Trip,0
Orasul Look,0
Orasul Clear,0
Secretul Once,0
Ultimul Condition,0
Comunistul Church,0
Ultimul Fall,0
Povestea Could,0
Orasul Participant,0
Comunistul Up,0
Orasul Strong,0
Secretul Garden,0
