id,titlu,gen,raiting,durata
1,Lupin,Actiune,AP-16,131
2,Intoarcerea Dog,Actiune,N-15,158
3,Ultimul Phone,Animatie,AP-12,145
4,Secretul Parent,Horror,IM-18,97
5,Orasul Note,Comedie,N-15,162
6,Povestea Apply,SF,AG,87
7,Orasul Political,Drama,AG,105
8,Secretul Hope,SF,N-15,116
9,Ultimul Agency,Animatie,AP-12,148
10,Ultimul Federal,Animatie,IM-18,104
11,Povestea Little,Actiune,AG,94
12,Misiunea Sit,Thriller,N-15,126
13,Comunistul House,Documentar,AG,115
14,Povestea To,Drama,AG,129
15,Povestea Factor,Drama,AG,124
16,Orasul Structure,Horror,AP-12,92
17,Orasul Should,Comedie,N-15,147
18,Intoarcerea Pretty,Animatie,AP-12,106
19,Intoarcerea Us,Comedie,AG,111
20,Orasul No,Animatie,IM-18,142
21,Secretul Use,Thriller,AG,139
22,Orasul Response,SF,IM-18,164
23,Comunistul Already,Comedie,N-15,128
24,Misiunea Church,Animatie,IM-18,148
25,Comunistul Toward,Comedie,AG,144
26,Intoarcerea Their,Horror,IM-18,101
27,Povestea Act,Thriller,N-15,127
28,Orasul Point,Comedie,N-15,140
29,Intoarcerea None,Animatie,AP-12,134
30,Intoarcerea Table,Horror,AP-12,98
31,Povestea Until,Animatie,AG,124
32,Orasul Walk,Animatie,AP-12,104
33,Secretul Week,Drama,AG,161
34,Orasul Option,Animatie,IM-18,110
35,Misiunea View,Drama,AG,149
36,Comunistul Various,Drama,N-15,149
37,Povestea Population,Animatie,AG,151
38,Ultimul Bring,Actiune,N-15,155
39,Secretul Of,Animatie,AG,110
40,Secretul Let,Comedie,N-15,89
41,Ultimul Fund,Animatie,AG,100
42,Intoarcerea Meeting,Drama,AG,107
43,Intoarcerea Produce,Horror,IM-18,159
44,Secretul Difficult,SF,AP-12,93
45,Secretul Next,Horror,AP-12,131
46,Orasul Effort,SF,AP-12,154
47,Comunistul Bad,Actiune,N-15,90
48,Povestea Professor,Drama,AG,125
49,Secretul Important,Horror,AP-12,139
50,Intoarcerea Whom,SF,IM-18,89
51,Ultimul Listen,Drama,N-15,116
52,Povestea Stage,Horror,AG,145
53,Comunistul Car,Documentar,N-15,102
54,Intoarcerea Machine,Actiune,AG,121
55,Orasul Lay,Horror,AP-12,124
56,Misiunea Boy,Actiune,AG,108
57,Secretul So,Thriller,AG,123
58,Secretul Foreign,Animatie,N-15,97
59,Comunistul Old,Horror,AP-12,103
60,Secretul People,Comedie,IM-18,91
61,Misiunea Nothing,Animatie,N-15,129
62,Misiunea Soldier,Documentar,N-15,95
63,Secretul Argue,Animatie,AP-12,99
64,Orasul First,Drama,N-15,163
65,Secretul So,Comedie,IM-18,88
66,Secretul Clear,Comedie,N-15,116
67,Misiunea Discussion,Drama,N-15,108
68,Orasul Clear,Drama,N-15,145
69,Misiunea Road,Animatie,AP-12,160
70,Ultimul Represent,Documentar,AP-12,91
71,Comunistul Wear,Documentar,IM-18,98
72,Orasul Change,Horror,IM-18,120
73,Misiunea Nearly,Comedie,AP-12,89
74,Intoarcerea Really,Horror,N-15,160
75,Misiunea Travel,Documentar,AG,152
76,Povestea Could,Actiune,N-15,126
77,Secretul Always,Thriller,N-15,156
78,Secretul Artist,Horror,IM-18,106
79,Orasul Lead,Drama,IM-18,148
80,Comunistul List,SF,N-15,108
81,Orasul Officer,Documentar,AP-12,112
82,Ultimul One,Horror,AG,90
83,Povestea Name,Animatie,AG,126
84,Povestea Camera,Comedie,AG,131
85,Comunistul Protect,Drama,IM-18,102
86,Intoarcerea Boy,Documentar,AP-12,131
87,Ultimul High,Actiune,AP-12,103
88,Povestea Future,Animatie,N-15,129
89,Povestea Job,Drama,N-15,103
90,Povestea Guy,SF,N-15,106
91,Comunistul Inside,Horror,IM-18,156
92,Ultimul End,Actiune,AP-12,120
93,Ultimul Shake,Animatie,IM-18,129
94,Misiunea Own,Drama,IM-18,148
95,Secretul Street,Horror,AP-12,134
96,Misiunea Personal,Actiune,AG,127
97,Intoarcerea Rest,Documentar,AG,104
98,Intoarcerea Government,Thriller,IM-18,108
99,Comunistul Economy,Animatie,N-15,147
100,Intoarcerea To,SF,AP-12,126
101,Secretul Value,SF,IM-18,130
102,Intoarcerea Throughout,Documentar,N-15,143
103,Intoarcerea Suggest,Animatie,AP-12,129
104,Ultimul Close,Horror,N-15,133
105,Ultimul Miss,Comedie,AP-12,141
106,Ultimul Cold,Drama,N-15,148
107,Secretul Other,Drama,AG,117
108,Orasul Support,Documentar,AP-12,103
109,Secretul Identify,Animatie,AP-12,109
110,Comunistul Republican,Actiune,N-15,160
111,Intoarcerea Seat,Horror,IM-18,118
112,Ultimul Leg,Horror,IM-18,91
113,Orasul Hot,SF,AP-12,134
114,Misiunea Everything,Drama,AP-12,85
115,Misiunea Quality,Animatie,IM-18,130
116,Secretul There,Horror,AG,102
117,Misiunea Describe,Horror,AG,90
118,Misiunea His,Animatie,IM-18,129
119,Ultimul Short,Documentar,AG,106
120,Povestea Professor,Actiune,AG,90
121,Orasul Chair,Documentar,N-15,110
122,Ultimul Single,Actiune,AP-12,98
123,Misiunea Similar,Thriller,IM-18,122
124,Secretul Growth,Animatie,AG,159
125,Povestea Nearly,Animatie,AG,143
126,Misiunea Street,Animatie,AG,118
127,Intoarcerea Provide,SF,N-15,140
128,Secretul Yet,Horror,AG,155
129,Ultimul Book,Documentar,AG,140
130,Povestea Detail,Drama,IM-18,114
131,Secretul Personal,Animatie,AG,125
132,Povestea Simply,Horror,AP-12,129
133,Comunistul Card,Horror,IM-18,108
134,Secretul Whose,Drama,AG,144
135,Ultimul Benefit,Drama,AG,132
136,Comunistul Already,Thriller,AG,150
137,Povestea Up,Comedie,AP-12,85
138,Secretul Seat,Horror,IM-18,106
139,Povestea Then,Comedie,IM-18,95
140,Misiunea Board,Comedie,N-15,163
141,Povestea Someone,Thriller,IM-18,85
142,Orasul Thank,Drama,AG,126
143,Ultimul Rule,Drama,N-15,137
144,Povestea Senior,Drama,AP-12,147
145,Ultimul There,Drama,IM-18,157
146,Orasul So,Actiune,N-15,91
147,Povestea Professor,Drama,IM-18,121
148,Secretul Operation,Drama,N-15,148
149,Secretul Lead,SF,AG,165
150,Povestea And,Drama,AG,133
151,Povestea May,Actiune,AG,149
152,Secretul Certainly,Animatie,IM-18,119
153,Intoarcerea Smile,Thriller,AG,106
154,Orasul Democrat,Comedie,AP-12,122
155,Orasul Test,Animatie,N-15,124
156,Intoarcerea Staff,Thriller,N-15,157
157,Misiunea Hear,Documentar,AG,109
158,Orasul Ball,SF,AG,94
159,Orasul When,Actiune,N-15,157
160,Comunistul Economy,Horror,IM-18,149
161,Misiunea Human,Actiune,N-15,141
162,Povestea Peace,Documentar,AP-12,97
163,Orasul Civil,Horror,AP-12,88
164,Orasul Size,SF,N-15,151
165,Comunistul Research,Drama,AP-12,117
166,Misiunea Without,Animatie,AP-12,97
167,Comunistul Financial,SF,N-15,92
168,Intoarcerea Spend,Documentar,N-15,150
169,Povestea Easy,Horror,N-15,122
170,Ultimul Sometimes,Thriller,N-15,141
171,Ultimul Finally,Horror,AP-12,133
172,Povestea Debate,Actiune,AG,102
173,Misiunea Quite,Thriller,AG,161
174,Comunistul Little,Animatie,IM-18,117
175,Comunistul Run,Animatie,IM-18,117
176,Secretul Knowledge,Animatie,IM-18,93
177,Secretul Learn,Horror,N-15,148
178,Secretul Professor,Thriller,AG,162
179,Orasul Should,Drama,AG,122
180,Misiunea Drop,Comedie,AG,132
181,Comunistul Plan,Horror,N-15,139
182,Secretul Keep,Horror,N-15,103
183,Orasul Girl,Documentar,N-15,138
184,Comunistul Treatment,Animatie,N-15,106
185,Orasul Community,Thriller,AP-12,105
186,Intoarcerea Activity,Animatie,IM-18,94
187,Ultimul Gun,Horror,AG,117
188,Orasul Look,Horror,AP-12,85
189,Misiunea Him,Actiune,AG,145
190,Intoarcerea Talk,SF,AP-12,114
191,Intoarcerea Door,Animatie,IM-18,116
192,Secretul Which,Documentar,IM-18,146
193,Secretul Senior,SF,AP-12,118
194,Intoarcerea Start,Comedie,AG,110
195,Secretul System,Animatie,N-15,157
196,Ultimul Fall,Thriller,AG,85
197,Orasul Agree,Animatie,N-15,151
198,Secretul Full,Comedie,AG,150
199,Secretul Around,SF,AG,92
200,Misiunea Feel,Comedie,AP-12,164
201,Orasul Open,Horror,AG,161
202,Comunistul Conference,Drama,AG,154
203,Ultimul Black,Animatie,AG,159
204,Secretul Garden,Horror,N-15,87
205,Comunistul Thank,SF,AG,159
206,Orasul Various,Documentar,AP-12,133
207,Povestea If,Animatie,N-15,102
208,Ultimul Pattern,Horror,N-15,88
209,Povestea Role,Comedie,AP-12,98
210,Orasul Create,Thriller,IM-18,118
211,Comunistul Anything,Documentar,N-15,125
212,Comunistul Site,Thriller,AG,164
213,Secretul Certainly,SF,N-15,129
214,Comunistul Hospital,Comedie,AP-12,150
215,Povestea Condition,Thriller,IM-18,157
216,Secretul Network,Horror,IM-18,98
217,Misiunea Bring,SF,AG,86
218,Intoarcerea Human,Comedie,IM-18,138
219,Ultimul Beyond,Actiune,AP-12,158
220,Comunistul Should,Drama,AP-12,139
221,Povestea Raise,SF,AP-12,136
222,Orasul Eye,Animatie,N-15,94
223,Misiunea Pm,SF,N-15,135
224,Povestea Name,Drama,IM-18,89
225,Intoarcerea Watch,Drama,AP-12,92
226,Comunistul Entire,SF,AP-12,132
227,Povestea Quality,Horror,AG,154
228,Ultimul Range,Documentar,N-15,113
229,Ultimul Four,Documentar,AG,92
230,Orasul Respond,Thriller,AG,88
231,Ultimul Base,Horror,N-15,129
232,Intoarcerea Knowledge,Thriller,IM-18,91
233,Misiunea Girl,SF,AG,96
234,Orasul Drug,Horror,AP-12,90
235,Secretul Interest,Documentar,AG,146
236,Orasul Level,Actiune,AG,110
237,Povestea Police,Comedie,N-15,162
238,Ultimul Necessary,Horror,AP-12,109
239,Povestea Third,SF,AP-12,133
240,Comunistul Opportunity,SF,AG,157
241,Secretul Hotel,Horror,AG,121
242,Comunistul Business,Drama,N-15,101
243,Intoarcerea Half,Drama,AP-12,118
244,Povestea Note,Horror,N-15,157
245,Comunistul Big,Horror,AP-12,114
246,Comunistul Kid,Animatie,AP-12,126
247,Misiunea Town,Comedie,AP-12,165
248,Intoarcerea Season,Thriller,IM-18,126
249,Misiunea Civil,SF,AP-12,135
250,Intoarcerea However,Documentar,N-15,103
251,Misiunea Authority,Thriller,AP-12,109
252,Orasul A,Animatie,AG,103
253,Orasul Under,Actiune,AP-12,99
254,Orasul Leader,Animatie,N-15,90
255,Orasul Source,Horror,AP-12,97
256,Misiunea Again,Horror,N-15,90
257,Orasul Executive,Thriller,AG,149
258,Intoarcerea Responsibility,Documentar,IM-18,98
259,Comunistul Option,Animatie,N-15,134
260,Comunistul Relate,Drama,IM-18,98
261,Ultimul Hundred,Animatie,N-15,125
262,Comunistul Civil,Drama,AP-12,87
263,Ultimul Receive,SF,AP-12,150
264,Misiunea Practice,Actiune,AP-12,141
265,Comunistul Term,Horror,N-15,121
266,Intoarcerea Above,Drama,IM-18,151
267,Misiunea Scene,Actiune,IM-18,102
268,Ultimul Play,Thriller,N-15,107
269,Secretul Investment,Animatie,IM-18,98
270,Intoarcerea Prevent,Actiune,N-15,159
271,Misiunea Play,Actiune,N-15,95
272,Orasul Trip,SF,AP-12,105
273,Secretul Design,Actiune,N-15,149
274,Povestea Book,Actiune,N-15,141
275,Intoarcerea Position,Drama,AG,156
276,Orasul Exist,Thriller,AP-12,88
277,Misiunea Choice,Documentar,AG,136
278,Povestea He,Drama,AG,121
279,Ultimul Hotel,SF,N-15,86
280,Comunistul Church,Comedie,AP-12,152
281,Intoarcerea Former,Horror,AP-12,99
282,Comunistul Others,Drama,IM-18,165
283,Misiunea East,Thriller,AP-12,145
284,Povestea Whole,Thriller,IM-18,156
285,Misiunea Claim,Thriller,AG,94
286,Povestea Necessary,Actiune,IM-18,119
287,Povestea Piece,Horror,AP-12,96
288,Orasul Strong,Documentar,AP-12,104
289,Misiunea Mother,Drama,N-15,130
290,Secretul Bill,Comedie,IM-18,160
291,Ultimul Should,Animatie,AG,159
292,Intoarcerea Pull,Comedie,IM-18,112
293,Secretul Force,Documentar,AP-12,120
294,Comunistul Level,Comedie,AP-12,99
295,Povestea Have,Animatie,N-15,89
296,Orasul Fight,Drama,AP-12,151
297,Comunistul Process,Actiune,N-15,95
298,Povestea Sister,SF,AG,164
299,Secretul View,Animatie,AG,137
300,Misiunea Relate,Horror,AG,91
301,Intoarcerea Into,Drama,IM-18,125
302,Povestea Drop,Drama,N-15,114
303,Comunistul Artist,Actiune,N-15,109
304,Misiunea Total,Documentar,N-15,135
305,Secretul Do,Documentar,IM-18,108
306,Orasul Another,Comedie,IM-18,148
307,Orasul Teach,SF,IM-18,143
308,Misiunea Mind,Documentar,IM-18,115
309,Intoarcerea Build,SF,AP-12,113
310,Secretul Generation,Thriller,AG,108
311,Ultimul Available,Comedie,N-15,111
312,Orasul Stage,Drama,AP-12,118
313,Povestea Discover,Horror,AG,85
314,Povestea Save,Animatie,IM-18,135
315,Intoarcerea Summer,Comedie,IM-18,143
316,Intoarcerea Less,Thriller,AG,91
317,Ultimul Position,Animatie,N-15,157
318,Misiunea Big,Thriller,IM-18,111
319,Orasul Traditional,SF,AG,118
320,Orasul Agreement,Comedie,N-15,102
321,Ultimul With,Documentar,AP-12,140
322,Ultimul Above,Animatie,AP-12,121
323,Ultimul Star,Drama,IM-18,150
324,Intoarcerea Them,Documentar,N-15,85
325,Comunistul Music,Comedie,AP-12,101
326,Povestea Relationship,Horror,N-15,102
327,Misiunea Group,Drama,AP-12,152
328,Secretul Technology,Horror,IM-18,162
329,Intoarcerea Game,Actiune,AP-12,100
330,Misiunea Several,Actiune,AG,162
331,Comunistul Treat,SF,N-15,135
332,Intoarcerea Discussion,Drama,AG,145
333,Misiunea Week,Comedie,AG,87
334,Ultimul Thing,Horror,N-15,139
335,Misiunea Threat,Animatie,IM-18,108
336,Povestea Buy,Animatie,IM-18,94
337,Orasul Onto,Actiune,AP-12,158
338,Comunistul Military,Documentar,IM-18,165
339,Comunistul But,Animatie,IM-18,159
340,Comunistul Land,Actiune,N-15,143
341,Misiunea Affect,SF,AG,150
342,Misiunea Skill,Horror,N-15,147
343,Intoarcerea Field,SF,N-15,118
344,Ultimul They,Comedie,AG,135
345,Povestea Difficult,Thriller,AP-12,160
346,Misiunea Above,Actiune,IM-18,135
347,Povestea Goal,Animatie,AG,85
348,Misiunea Only,Comedie,AP-12,142
349,Povestea Inside,Animatie,IM-18,111
350,Misiunea Yes,Documentar,AP-12,108
351,Comunistul Challenge,Animatie,AP-12,137
352,Comunistul Country,SF,AP-12,94
353,Secretul Fast,Thriller,AP-12,90
354,Intoarcerea Benefit,Actiune,N-15,158
355,Orasul Administration,Horror,IM-18,125
356,Comunistul Sure,Documentar,AG,142
357,Secretul Continue,Animatie,IM-18,141
358,Povestea Give,Thriller,IM-18,135
359,Povestea Better,Drama,IM-18,148
360,Misiunea Reveal,Horror,AP-12,101
361,Comunistul Thank,Thriller,IM-18,97
362,Comunistul Down,Comedie,N-15,85
363,Comunistul Modern,Animatie,AP-12,156
364,Ultimul Condition,Thriller,AG,116
365,Intoarcerea Always,Animatie,AG,159
366,Secretul Hot,Drama,AG,145
367,Comunistul Else,Horror,N-15,97
368,Intoarcerea Stage,Documentar,AG,153
369,Comunistul Star,SF,AG,100
370,Comunistul Mouth,SF,IM-18,113
371,Comunistul Green,Horror,IM-18,85
372,Comunistul Up,Drama,N-15,94
373,Intoarcerea Might,Animatie,IM-18,116
374,Secretul Stop,Drama,AG,94
375,Intoarcerea Test,Horror,IM-18,109
376,Orasul I,Comedie,AP-12,148
377,Misiunea Above,Horror,AP-12,160
378,Misiunea Budget,Drama,AG,126
379,Ultimul Strong,Thriller,N-15,131
380,Intoarcerea Move,Documentar,AP-12,143
381,Secretul Political,Animatie,N-15,100
382,Intoarcerea Bill,Comedie,IM-18,141
383,Comunistul Myself,Drama,IM-18,125
384,Orasul Through,Documentar,AP-12,148
385,Secretul Call,Thriller,IM-18,118
386,Misiunea Amount,SF,AP-12,148
387,Comunistul Fire,Documentar,AP-12,135
388,Povestea Sort,Drama,AG,91
389,Ultimul Film,Thriller,AG,159
390,Secretul Yet,Drama,IM-18,141
391,Ultimul Congress,Drama,AG,151
392,Orasul Letter,Actiune,AG,103
393,Misiunea Money,Thriller,IM-18,148
394,Comunistul Finally,Horror,IM-18,125
395,Ultimul Station,Horror,AP-12,119
396,Ultimul Up,Actiune,AP-12,143
397,Misiunea Usually,Drama,AP-12,125
398,Intoarcerea Behavior,Horror,IM-18,120
399,Comunistul Painting,Horror,AP-12,144
400,Misiunea Structure,Horror,N-15,117
401,Ultimul Authority,Thriller,IM-18,93
402,Comunistul Remember,Actiune,IM-18,143
403,Ultimul Among,Documentar,AP-12,165
404,Orasul Attorney,Actiune,IM-18,121
405,Secretul Range,Actiune,N-15,135
406,Ultimul Congress,SF,AG,105
407,Ultimul Choose,Actiune,N-15,141
408,Orasul Source,Actiune,IM-18,106
409,Orasul Anything,Drama,AP-12,160
410,Povestea Become,Horror,AP-12,132
411,Secretul Accept,Drama,AP-12,165
412,Misiunea Modern,Documentar,AG,85
413,Ultimul Republican,Actiune,N-15,159
414,Comunistul Including,Documentar,AP-12,85
415,Orasul Star,Actiune,IM-18,128
416,Secretul Yes,Animatie,N-15,105
417,Orasul American,Comedie,AG,148
418,Orasul Answer,Documentar,N-15,104
419,Comunistul Woman,Documentar,AP-12,107
420,Intoarcerea Help,Animatie,AG,112
421,Povestea Early,SF,N-15,108
422,Misiunea Wish,Actiune,N-15,130
423,Povestea Recently,Animatie,N-15,145
424,Ultimul Good,SF,N-15,141
425,Povestea Character,Animatie,AG,152
426,Ultimul Toward,Comedie,N-15,150
427,Comunistul Culture,Drama,IM-18,163
428,Ultimul Chance,SF,AP-12,119
429,Intoarcerea So,Horror,AP-12,122
430,Intoarcerea Imagine,SF,N-15,138
431,Misiunea Hope,Drama,IM-18,129
432,Secretul Push,Comedie,AG,88
433,Orasul Poor,Drama,AG,103
434,Comunistul Modern,Actiune,AP-12,105
435,Orasul Thought,Actiune,N-15,126
436,Misiunea Senior,Thriller,AP-12,135
437,Secretul Music,Drama,AP-12,156
438,Povestea Star,Documentar,N-15,163
439,Ultimul Of,Actiune,AG,139
440,Orasul Head,Comedie,AG,118
441,Comunistul Quickly,Drama,AG,113
442,Misiunea Let,Actiune,IM-18,127
443,Povestea Customer,Thriller,IM-18,126
444,Intoarcerea Drop,Documentar,AG,89
445,Ultimul Anything,Comedie,N-15,122
446,Comunistul Partner,SF,N-15,116
447,Comunistul Address,Actiune,AP-12,156
448,Orasul Center,Actiune,N-15,161
449,Intoarcerea Too,Comedie,AG,159
450,Intoarcerea More,SF,IM-18,113
451,Ultimul Son,Horror,N-15,113
452,Ultimul Television,SF,AG,138
453,Comunistul That,Thriller,AP-12,155
454,Orasul Day,Thriller,IM-18,158
455,Secretul Rather,Documentar,AP-12,116
456,Orasul Pm,Animatie,AP-12,86
457,Misiunea Take,Animatie,AG,101
458,Misiunea Likely,SF,AG,149
459,Comunistul Make,Documentar,N-15,138
460,Povestea Box,Documentar,IM-18,151
461,Intoarcerea Feel,Thriller,AG,133
462,Povestea Or,Documentar,IM-18,154
463,Orasul Book,Horror,N-15,137
464,Ultimul Dog,SF,AP-12,115
465,Ultimul While,Drama,AG,113
466,Intoarcerea Happy,Thriller,AP-12,128
467,Povestea Dinner,SF,AG,89
468,Povestea Speech,Drama,IM-18,101
469,Comunistul Each,SF,IM-18,128
470,Intoarcerea Sign,Actiune,AP-12,144
471,Orasul Information,Drama,IM-18,113
472,Ultimul Think,Comedie,AG,165
473,Intoarcerea Should,Thriller,N-15,136
474,Ultimul Artist,Comedie,N-15,146
475,Orasul Evening,SF,IM-18,95
476,Orasul Lawyer,Drama,AG,152
477,Misiunea Forward,Drama,IM-18,93
478,Orasul Total,Drama,IM-18,147
479,Povestea Bill,SF,AG,110
480,Secretul Police,Actiune,AP-12,161
481,Ultimul Support,Comedie,AP-12,130
482,Comunistul Call,Horror,N-15,91
483,Comunistul Cut,Drama,N-15,98
484,Secretul Once,Comedie,IM-18,95
485,Misiunea Whatever,Drama,AG,90
486,Secretul Great,Comedie,IM-18,138
487,Povestea Structure,SF,IM-18,90
488,Orasul Black,Comedie,N-15,146
489,Orasul Above,Thriller,N-15,87
490,Orasul Rate,Comedie,AG,88
491,Intoarcerea Opportunity,Comedie,IM-18,89
492,Orasul Participant,Comedie,IM-18,156
493,Comunistul Language,Horror,AP-12,120
494,Povestea Quite,Drama,AP-12,108
495,Secretul Detail,Thriller,AG,98
496,Povestea You,Drama,IM-18,93
497,Misiunea Respond,Drama,IM-18,101
498,Misiunea Realize,Thriller,IM-18,164
499,Orasul Back,Documentar,AP-12,135
500,Ultimul Positive,Documentar,IM-18,142